form	lemma	POS	morph
༄༅། །		PUNCT
ཞི་གནས་	ཞི་གནས་	NOUN
སྒྲུབ་པ་	སྒྲུབ་པ་	VERB
འི་	གི་	PART
ཡིག་ཆུང་	ཡིག་ཆུང་	OTHER
ཉུང་	ཉུང་	VERB
གསལ་	གསལ་	VERB
བཞུགས་	བཞུགས་	VERB
སོ་	གོ་	PART
"།།

༄༅། །"		PUNCT
བླ་མ་	བླ་མ་	NOUN
ལ་	ལ་	PART
ཕྱག་	ཕྱག་	NOUN
འཚལ་	འཚལ་	VERB
ལོ་	གོ་	PART
། །		PUNCT
བརྩེ་	བརྩེ་	NO_POS
ཆེན་	ཆེན་	NO_POS
རླུང་	རླུང་	NOUN
གི་	གི་	PART
ཤིང་རྟ་	ཤིང་རྟ་	NOUN
ས་	གིས་	PART
ཉེ་	ཉེ་	NUM
དྲངས་པ་	དྲངས་པ་	VERB
འི་	གི་	PART
། །		PUNCT
མཁྱེན་རབ་	མཁྱེན་རབ་	NOUN
ཉིན་	ཉིན་	NOUN
མོ་	མོ་	PRON
ར་	ལ་	PART
བྱེད་པ་	བྱེད་པ་	VERB
འི་	གི་	PART
འོད་ཟེར་	འོད་ཟེར་	NOUN
གྱིས་	གིས་	PART
"།
།"		PUNCT
ས་	ས་	ADP
གསུམ་	གསུམ་	NUM
འགྲོ་བ་	འགྲོ་བ་	VERB
འི་	གི་	PART
རྨོངས་	རྨོངས་	VERB
མུན་	མུན་	NOUN
ལྷག་མེད་	ལྷག་མེད་	ADJ
དུ་	ལ་	PART
། །		PUNCT
བཅོམ་	བཅོམ་	VERB
མཛད་	མཛད་	VERB
རྒྱལ་སྲས་	རྒྱལ་སྲས་	NOUN
ཆོ་	ཆོ་	NOUN
ཀྱི་	གི་	PART
ཉི་མ་	ཉི་མ་	NOUN
ར་	ལ་	PART
འདུད་	འདུད་	NO_POS
"།
།"		PUNCT
ཐུབ་	ཐུབ་	VERB
མཆོག་	མཆོག་	ADJ
ཤཱཀྱ་	ཤཱཀྱ་	PROPN
སེངྒེའི་		NON_WORD
རིང་ལུགས་	རིང་ལུགས་	OTHER
ཀྱི་	གི་	PART
། །		PUNCT
འཁྲུལ་	འཁྲུལ་	NO_POS
མེད་	མེད་	VERB
བསྟན་པ་	བསྟན་པ་	VERB
འི་	གི་	PART
ལམ་བཟང་	ལམ་བཟང་	OTHER
སྡེ་སྣོད་	སྡེ་སྣོད་	NOUN
གསུམ་	གསུམ་	NUM
། །		PUNCT
གང་ཟག་	གང་ཟག་	NOUN
གཅིག་	གཅིག་	NUM
གི་	གི་	PART
ལམ་	གམ་	PART
གྱི་	གི་	PART
ཆ་	ཆ་	NOUN
རྐྱེན་	རྐྱེན་	NOUN
དུ་	ལ་	PART
"།
།"		PUNCT
དྲིལ་	དྲིལ་	VERB
ན་	ནས་	PART
ཉམས་	ཉམས་	NOUN
སུ་	ལ་	PART
ལེན་པ་	ལེན་པ་	VERB
མཁས་པ་	མཁས་པ་	VERB
འི་	གི་	PART
སྲོལ་	སྲོལ་	NOUN
། །		PUNCT
དེ་ཕྱིར་	དེ་ཕྱིར་	NO_POS
རྣམ་དག་	རྣམ་དག་	ADJ
ཁྲིམས་	ཁྲིམས་	NOUN
ཀྱིས་	གིས་	PART
གཞི་	གཞི་	NOUN
བཟུང་	བཟུང་	NO_POS
ན་	ནས་	PART
"།
།"		PUNCT
རྩེ་གཅིག་	རྩེ་གཅིག་	ADJ
ཞི་བ་	ཞི་བ་	VERB
མཆོག་	མཆོག་	ADJ
གི་	གི་	PART
བསམ་གཏན་	བསམ་གཏན་	NOUN
ལ་	ལ་	PART
། །		PUNCT
བརྟེན་	བརྟེན་	VERB
ན་	ནས་	PART
ཟག་མེད་	ཟག་མེད་	ADJ
ཤེས་རབ་	ཤེས་རབ་	NOUN
འཕགས་པ་	འཕགས་པ་	VERB
འི་	གི་	PART
ལམ་	གམ་	PART
། །		PUNCT
མངོན་དུ་	མངོན་དུ་	NO_POS
བྱེད་པ་	བྱེད་པ་	VERB
འི་	གི་	PART
ཚུལ་	ཚུལ་	NOUN
ལ་	ལ་	ADP
ས་	གིས་	PART
ཅུང་ཟད་	ཅུང་ཟད་	ADV
གླེང་	གླེང་	NO_POS
"།
།"		PUNCT
དེ་	སྟེ་	PART
ལ་	ལ་	PART
འདི་	འདི་	DET
ར་	ལ་	PART
སྙིང་	སྙིང་	NOUN
ན་	ནས་	PART
ཐར་བ་	ཐར་བ་	VERB
དོན་	དོན་	NOUN
དུ་	ལ་	PART
གཉེར་བ་	གཉེར་བ་	VERB
འི་	གི་	PART
གང་ཟག་	གང་ཟག་	NOUN
བློ་	བློ་	NOUN
དང་	དང་	NO_POS
ལྡན་པ་	ལྡན་པ་	VERB
རྣམས་	རྣམས་	DET
ཀྱི་	གི་	PART
འཇུག་ངོགས་	འཇུག་ངོགས་	NOUN
འཁྲུལ་བ་	འཁྲུལ་བ་	VERB
མེད་པ་	མེད་པ་	VERB
ནི་	ནི་	NO_POS
རྒྱལ་བ་	རྒྱལ་བ་	NOUN
འི་	གི་	PART
བསྟན་པ་	བསྟན་པ་	VERB
རིན་པོ་ཆེ་	རིན་པོ་ཆེ་	ADJ
ཁོ་ན་	ཁོ་ན་	DET
ཡིན་	ཡིན་	NO_POS
ལ་	ལ་	PART
།		PUNCT
དེ་	སྟེ་	PART
ལ་	ལ་	PART
ཇི་ལྟ་		
འཇུག་པ་	འཇུག་པ་	VERB
འི་	གི་	PART
ཚུལ་	ཚུལ་	NOUN
ནི་	ནི་	NO_POS
།		PUNCT
ལམ་	གམ་	PART
སྟོན་	སྟོན་	VERB
མཁས་པ་	མཁས་པ་	VERB
དགེ་བ་	དགེ་བ་	VERB
འི་	གི་	PART
བཤེས་གཉེན་	བཤེས་གཉེན་	NOUN
ཁྱད་པར་ཅན་	ཁྱད་པར་ཅན་	ADJ
ལ་	ལ་	PART
བསྟེན་	བསྟེན་	VERB
ན་	ནས་	PART
།		PUNCT
དེ་	དེ་	DET
འི་	གི་	PART
གདམས་ངག་	གདམས་ངག་	NOUN
གཞུང་	གཞུང་	NOUN
སྡེ་སྣོད་	སྡེ་སྣོད་	NOUN
གསུམ་	གསུམ་	NUM
ལ་	ལ་	PART
ཐོས་བསམ་	ཐོས་བསམ་	NOUN
གྱིས་	གིས་	PART
སྒྲོ་འདོགས་	སྒྲོ་འདོགས་	NOUN
ཆོད་པ་	ཆོད་པ་	VERB
ར་	ལ་	PART
བྱ་	བྱ་	VERB
ན་	ནས་	PART
།		PUNCT
མངོན་རྟོགས་	མངོན་རྟོགས་	NOUN
བསླབ་པ་	བསླབ་པ་	VERB
གསུམ་པོ་	གསུམ་པོ་	NUM
རང་	རང་	PRON
གི་	གི་	PART
རྒྱུད་	རྒྱུད་	NOUN
ཐོག་	ཐོག་	NOUN
ཏུ་	ལ་	PART
བཀལ་	བཀལ་	NO_POS
ཏེ་	སྟེ་	PART
ཉམས་	ཉམས་	NOUN
སུ་	ལ་	PART
ལེན་པ་	ལེན་པ་	VERB
འདི་	འདི་	DET
ཡིན་	ཡིན་	NO_POS
།		PUNCT
དེ་	དེ་	DET
འི་	གི་	PART
ཐོབ་རིམ་	ཐོབ་རིམ་	NO_POS
ཡང་	ཀྱང་	PART
།		PUNCT
སློབ་དཔོན་	སློབ་དཔོན་	NOUN
དབྱིག་གཉེན་	དབྱིག་གཉེན་	PROPN
གྱིས་	གིས་	PART
།		PUNCT
ཚུལ་	ཚུལ་	NOUN
གནས་	གནས་	NOUN
ཐོ་	ཐོ་	VERB
དང་	དང་	NO_POS
བསམ་	བསམ་	NOUN
ལྡན་པ་	ལྡན་པ་	VERB
ས་	གིས་	PART
"།
།"		PUNCT
སྒོམ་པ་	སྒོམ་པ་	VERB
ལ་	ལ་	PART
ནི་	ནི་	NO_POS
རབ་ཏུ་	རབ་ཏུ་	NO_POS
སྦྱོར་	སྦྱོར་	VERB
། །		PUNCT
ཞེ་	ཅེས་	PART
གསུངས་པ་	གསུངས་པ་	VERB
ལྟ་	ལྟ་	OTHER
ཐོག་མ་	ཐོག་མ་	NOUN
ར་	ལ་	PART
ཡོན་ཏན་	ཡོན་ཏན་	NOUN
ཀུན་	ཀུན་	DET
གྱི་	གི་	PART
གཞི་	གཞི་	NOUN
རྟེན་	རྟེན་	NOUN
དུ་	ལ་	PART
གྱུར་པ་	གྱུར་པ་	VERB
ངེས་པ་		
འབྱུང་	འབྱུང་	VERB
ཚུལ་ཁྲིམས་	ཚུལ་ཁྲིམས་	NOUN
རྣམ་པ་	རྣམ་པ་	NOUN
ར་	ལ་	PART
དག་པ་	དག་པ་	VERB
ས་	གིས་	PART
རྒྱུད་	རྒྱུད་	NOUN
བསྡམས་	བསྡམས་	NO_POS
ཏེ་	སྟེ་	PART
།		PUNCT
དེ་ནས་	དེ་ནས་	NO_POS
གང་ཞིག་	གང་ཞིག་	NO_POS
ཉམས་	ཉམས་	NOUN
སུ་	ལ་	PART
བླང་བ་	བླང་བ་	VERB
ར་	ལ་	PART
བྱ་བ་	བྱ་བ་	VERB
འི་	གི་	PART
ལམ་	གམ་	PART
གྱི་	གི་	PART
རིམ་པ་	རིམ་པ་	NOUN
རྣམས་	རྣམས་	DET
ལ་	ལ་	PART
ཐོས་བསམ་	ཐོས་བསམ་	NOUN
གྱིས་	གིས་	PART
བློ་	བློ་	NOUN
ལེགས་པ་	ལེགས་པ་	VERB
ར་	ལ་	PART
སྦྱངས་	སྦྱངས་	VERB
ན་	ནས་	PART
།		PUNCT
གཟོད་	གཟོད་	ADV
ལམ་	གམ་	PART
དངོ་	དངོ་	NOUN
སུ་	ལ་	PART
སྒོམ་པ་	སྒོམ་པ་	VERB
ར་	ལ་	PART
བྱ་བ་	བྱ་བ་	VERB
ཡིན་	ཡིན་	NO_POS
ནོ་	གོ་	PART
"།
།"		PUNCT
ལམ་	གམ་	PART
གྱི་	གི་	PART
དངོས་གཞི་	དངོས་གཞི་	NOUN
དེ་ཡང་	དེ་ཡང་	ADV
གང་ཞེ་ན་	གང་ཞེ་ན་	NO_POS
།		PUNCT
དཔལ་མགོན་	དཔལ་མགོན་	OTHER
ཀླུ་	ཀླུ་	NOUN
འི་	གི་	PART
དབང་པོ་	དབང་པོ་	NOUN
འི་	གི་	PART
ཞལ་	ཞལ་	NOUN
ན་	ནས་	PART
།		PUNCT
བསམ་གཏན་	བསམ་གཏན་	NOUN
མེད་པ་	མེད་པ་	VERB
ར་	ལ་	PART
ཡང་	ཀྱང་	PART
ནི་	ནི་	NO_POS
ཤེས་རབ་	ཤེས་རབ་	NOUN
མེད་	མེད་	VERB
"།
།"		PUNCT
ཤེས་རབ་	ཤེས་རབ་	NOUN
མེད་པ་	མེད་པ་	VERB
ར་	ལ་	PART
བསམ་གཏན་	བསམ་གཏན་	NOUN
ཡོད་	ཡོད་	VERB
མ་	མ་	PART
ཡིན་	ཡིན་	NO_POS
། །		PUNCT
གང་	གང་	NO_POS
ལ་	ལ་	PART
དེ་	སྟེ་	PART
གཉིས་	གཉིས་	NUM
མཆིས་པ་	མཆིས་པ་	VERB
ས་	གིས་	PART
སྲིད་པ་	སྲིད་པ་	VERB
ཡི་	གི་	PART
། །		PUNCT
རྒྱ་མཚོ་	རྒྱ་མཚོ་	NOUN
གནག་རྗེས་	གནག་རྗེས་	NO_POS
ལྟ་བུ་	ལྟ་བུ་	NOUN
ར་	ལ་	PART
འཚལ་བ་	འཚལ་བ་	VERB
ར་	ལ་	PART
བགྱི་	བགྱི་	VERB
"།
།"		PUNCT
ཞེ་	ཅེས་	PART
གསུངས་པ་	གསུངས་པ་	VERB
ལྟ་	ལྟ་	OTHER
།		PUNCT
བསམ་གཏན་	བསམ་གཏན་	NOUN
དང་	དང་	NO_POS
ཤེས་རབ་	ཤེས་རབ་	NOUN
བམ་	གམ་	PART
ཞི་གནས་	ཞི་གནས་	NOUN
དང་	དང་	NO_POS
ལྷག་མཐོང་	ལྷག་མཐོང་	NOUN
ཟུང་	ཟུང་	VERB
དུ་	ལ་	PART
འཇུག་པ་	འཇུག་པ་	VERB
འི་	གི་	PART
ལམ་	གམ་	PART
གྱིས་	གིས་	PART
སྲིད་པ་	སྲིད་པ་	VERB
འི་	གི་	PART
རྒྱ་མཚོ་	རྒྱ་མཚོ་	NOUN
ལ་	ལ་	ADP
ས་	གིས་	PART
སྒྲོལ་	སྒྲོལ་	VERB
ཞིང་	ཅིང་	PART
ཞི་བ་	ཞི་བ་	VERB
འི་	གི་	PART
ལམ་	གམ་	PART
སྦྱོར་	སྦྱོར་	VERB
ནུས་པ་	ནུས་པ་	VERB
ཡིན་	ཡིན་	NO_POS
ལ་	ལ་	PART
།		PUNCT
དེ་	དེ་	DET
འི་	གི་	PART
རྒྱུ་མཚན་	རྒྱུ་མཚན་	NOUN
དང་	དང་	NO_POS
འཇུག་པ་	འཇུག་པ་	VERB
འི་	གི་	PART
ཐོབ་རིམ་	ཐོབ་རིམ་	NO_POS
ཡང་	ཀྱང་	PART
།		PUNCT
རྒྱལ་སྲས་	རྒྱལ་སྲས་	NOUN
ཞི་བ་ལྷ་	ཞི་བ་ལྷ་	PROPN
ས་	གིས་	PART
།		PUNCT
ཞི་གནས་	ཞི་གནས་	NOUN
རབ་ཏུ་	རབ་ཏུ་	NO_POS
ལྡན་པ་	ལྡན་པ་	VERB
འི་	གི་	PART
ལྷག་མཐོང་	ལྷག་མཐོང་	NOUN
གིས་	གིས་	PART
། །		PUNCT
ཉོན་མོངས་	ཉོན་མོངས་	NOUN
རྣམ་པ་	རྣམ་པ་	NOUN
ར་	ལ་	PART
འཇོམས་པ་	འཇོམས་པ་	VERB
ཤེས་བྱ་	ཤེས་བྱ་	VERB
ས་	གིས་	PART
ན་	ནས་	PART
"།
།"		PUNCT
ཐོག་མ་	ཐོག་མ་	NOUN
ར་	ལ་	PART
ཞི་གནས་	ཞི་གནས་	NOUN
བཙལ་	བཙལ་	NO_POS
བྱ་དེ་	བྱ་དེ་	NO_POS
ཡང་	ཀྱང་	PART
ནི་	ནི་	NO_POS
། །		PUNCT
འཇིག་རྟེན་	འཇིག་རྟེན་	NOUN
ཆགས་པ་	ཆགས་པ་	VERB
མེད་	མེད་	VERB
ལ་	ལ་	PART
མངོན་དག་	མངོན་དགའ་	NO_POS
ས་	གིས་	PART
འགྲུབ་	འགྲུབ་	VERB
"།
།"		PUNCT
ཅེས་	ཅེས་	PART
གསུངས་པ་	གསུངས་པ་	VERB
བཞིན་	བཞིན་	NOUN
།		PUNCT
ཐོག་མ་	ཐོག་མ་	NOUN
ར་	ལ་	PART
ཞི་གནས་	ཞི་གནས་	NOUN
ཀྱི་	གི་	PART
སེམས་	སེམས་	NOUN
ལ་	ལ་	PART
བརྟན་པ་	བརྟན་པ་	VERB
མ་	མ་	PART
ཐོབ་	ཐོབ་	VERB
ན་	ལ་	PART
།		PUNCT
ལྷག་མཐོང་	ལྷག་མཐོང་	NOUN
གི་	གི་	PART
ཡེ་ཤེས་	ཡེ་ཤེས་	NOUN
རྒྱུད་	རྒྱུད་	NOUN
ལ་	ལ་	PART
མི་	མི་	PART
སྐྱེ་བ་	སྐྱེ་བ་	VERB
ས་	གིས་	PART
ཞི་གནས་	ཞི་གནས་	NOUN
བསྒོམ་	བསྒོམ་	VERB
དགོས་	དགོས་	VERB
།		PUNCT
དེ་	སྟེ་	PART
ལ་	ལ་	PART
དང་པོ་	དང་པོ་	ADJ
ཉིད་	ཉིད་	DET
དུ་	ལ་	PART
འདོད་པ་	འདོད་པ་	VERB
འི་	གི་	PART
ས་	ས་	ADP
ས་	གིས་	PART
བསྡུས་པ་	བསྡུས་པ་	VERB
འི་	གི་	PART
རྣམ་གཡེང་	རྣམ་གཡེང་	NOUN
དང་	དང་	NO_POS
རྟོག་པ་	རྟོག་པ་	VERB
རགས་པ་	རགས་པ་	VERB
ཞི་བ་	ཞི་བ་	VERB
འི་	གི་	PART
འདོད་སེམས་	འདོད་སེམས་	NO_POS
རྩེ་གཅིག་པ་	རྩེ་གཅིག་པ་	ADJ
བསྒྲུབས་	བསྒྲུབས་	VERB
།		PUNCT
དེ་ནས་	དེ་ནས་	NO_POS
གཟུགས་	གཟུགས་	NOUN
ཀྱི་	གི་	PART
ས་	ས་	ADP
ས་	གིས་	PART
བསྡུས་པ་	བསྡུས་པ་	VERB
འི་	གི་	PART
བསམ་གཏན་	བསམ་གཏན་	NOUN
བཞི་	བཞི་	NUM
དང་	དང་	NO_POS
།		PUNCT
གཟུགས་	གཟུགས་	NOUN
མེད་	མེད་	VERB
ཀྱི་	གི་	PART
ས་	ས་	ADP
ས་	གིས་	PART
བསྡུས་པ་	བསྡུས་པ་	VERB
འི་	གི་	PART
སྙོམས་འཇུག་	སྙོམས་འཇུག་	NO_POS
བཞི་	བཞི་	NUM
སྟེ་	སྟེ་	PART
བསམ་	བསམ་	NOUN
གཟུགས་	གཟུགས་	NOUN
བརྒྱད་པོ་	བརྒྱད་པོ་	NUM
རིམ་གྱིས་	རིམ་གྱིས་	NO_POS
བསྒྲུབས་	བསྒྲུབས་	VERB
།		PUNCT
དེ་ལྟ་	དེ་ལྟ་	NO_POS
དགུ་པོ་	དགུ་པོ་	NUM
དེ་	སྟེ་	PART
ནི་	ནི་	NO_POS
ཁམས་	ཁམས་	NOUN
གསུམ་	གསུམ་	NUM
ས་	ས་	ADP
དགུ་	དགུ་	NUM
ས་	གིས་	PART
བསྡུས་པ་	བསྡུས་པ་	VERB
འཇིག་རྟེན་པ་	འཇིག་རྟེན་པ་	NOUN
འི་	གི་	PART
བསམ་གཏན་	བསམ་གཏན་	NOUN
ནམ་	གམ་	PART
བྱིས་པ་	བྱིས་པ་	NOUN
ཉེར་སྤྱོད་	ཉེར་སྤྱོད་	OTHER
ཀྱི་	གི་	PART
བསམ་གཏན་	བསམ་གཏན་	NOUN
ཅེས་བྱ་བ་	ཅེས་བྱ་བ་	NO_POS
འཇིག་རྟེན་	འཇིག་རྟེན་	NOUN
ལ་	ལ་	ADP
ས་	གིས་	PART
འདས་པ་	འདས་པ་	VERB
འི་	གི་	PART
ལམ་	གམ་	PART
གྱི་	གི་	PART
རྟེན་གཞི་	རྟེན་གཞི་	NO_POS
ར་	ལ་	PART
གྱུར་པ་	གྱུར་པ་	VERB
འོ་	གོ་	PART
"།
།"		PUNCT
ཕྱི་མ་	ཕྱི་མ་	ADJ
བསམ་	བསམ་	NOUN
གཟུགས་	གཟུགས་	NOUN
བརྒྱད་	བརྒྱད་	NUM
ཀྱི་	གི་	PART
སྟེང་	སྟེང་	NOUN
དུ་	ལ་	PART
འདའ་	འདའ་	VERB
ལམ་	གམ་	PART
ཁོ་ན་	ཁོ་ན་	DET
ས་	གིས་	PART
འཐོབ་པ་	འཐོབ་པ་	VERB
འི་	གི་	PART
འགོག་པ་	འགོག་པ་	VERB
འི་	གི་	PART
སྙོམས་འཇུག་	སྙོམས་འཇུག་	NO_POS
བསྣན་པ་	བསྣན་པ་	VERB
ས་	གིས་	PART
དགུ་	དགུ་	NUM
ནི་	ནི་	NO_POS
མཐར་གྱིས་	མཐར་གྱིས་	NO_POS
གནས་པ་	གནས་པ་	VERB
འི་	གི་	PART
སྙོམས་པ་		
འཇུག་པ་	འཇུག་པ་	VERB
དགུ་སྟེ་	དགུ་སྟེ་	NO_POS
སྔ་མ་	སྔ་མ་	ADJ
ཐོབ་	ཐོབ་	VERB
ན་	ནས་	PART
ཕྱི་མ་	ཕྱི་མ་	ADJ
ཕྱི་མ་	ཕྱི་མ་	ADJ
ལ་	ལ་	PART
རིམ་གྱིས་	རིམ་གྱིས་	NO_POS
འཇུག་	འཇུག་	VERB
དགོས་པ་	དགོས་པ་	VERB
ས་	གིས་	PART
དེ་སྐད་	དེ་སྐད་	NO_POS
ཅེས་	ཅེས་	PART
བྱ་	བྱ་	VERB
འོ་	གོ་	PART
"།
།"		PUNCT
དེ་ནས་	དེ་ནས་	NO_POS
བསམ་གཏན་	བསམ་གཏན་	NOUN
དང་	དང་	NO_POS
ཏིང་ངེ་འཛིན་	ཏིང་ངེ་འཛིན་	NOUN
གྱི་	གི་	PART
དངོས་གཞི་	དངོས་གཞི་	NOUN
ནི་	ནི་	NO_POS
དེ་ཙམ་	དེ་ཙམ་	NO_POS
དུ་	ལ་	PART
འདུ་	འདུ་	VERB
ལ་	ལ་	PART
།		PUNCT
དེ་ལས་	དེ་ལས་	NO_POS
གཞན་	གཞན་	DET
དུ་	ལ་	PART
སྤྲུལ་	སྤྲུལ་	VERB
ལམ་	གམ་	PART
གྱི་	གི་	PART
རྣམ་པ་	རྣམ་པ་	NOUN
ར་	ལ་	PART
ཐར་པ་	ཐར་པ་	VERB
གསུམ་	གསུམ་	NUM
དང་	དང་	NO_POS
།		PUNCT
ཟད་པ་		
བཅུ་	བཅུ་	NUM
།		PUNCT
ཟིལ་གནོན་	ཟིལ་གནོན་	NOUN
བརྒྱད་	བརྒྱད་	NUM
།		PUNCT
མངོན་ཤེས་	མངོན་ཤེས་	NOUN
ལྔ་	ལྔ་	NUM
ལ་སོགས་པ་	ལ་སོགས་པ་	NO_POS
ནི་	ནི་	NO_POS
བསམ་	བསམ་	NOUN
གཟུགས་	གཟུགས་	NOUN
ཀྱི་	གི་	PART
སེམས་	སེམས་	NOUN
ལ་	ལ་	PART
བརྟེན་	བརྟེན་	VERB
ན་	ནས་	PART
རྣམ་གནས་	རྣམ་གནས་	NO_POS
ཀྱི་	གི་	PART
བྱེ་བྲག་	བྱེ་བྲག་	NOUN
ཡིད་	ཡིད་	NOUN
ལ་	ལ་	PART
བྱས་པ་	བྱས་པ་	VERB
ལ་	ལ་	ADP
ས་	གིས་	PART
འགྲུབ་པ་	འགྲུབ་པ་	VERB
འི་	གི་	PART
ཐུན་མོང་	ཐུན་མོང་	ADJ
གི་	གི་	PART
ཏིང་ངེ་འཛིན་	ཏིང་ངེ་འཛིན་	NOUN
ནོ་	གོ་	PART
"།
།"		PUNCT
འདའ་	འདའ་	VERB
ལམ་	གམ་	PART
སྤྱི་	སྤྱི་	DET
དང་	དང་	NO_POS
ཁྱད་པར་	ཁྱད་པར་	NOUN
བྱང་འཕགས་	བྱང་འཕགས་	NO_POS
ཀྱི་	གི་	PART
རྒྱུད་	རྒྱུད་	NOUN
ཀྱིས་	གིས་	PART
བསྡུས་པ་	བསྡུས་པ་	VERB
འི་	གི་	PART
སྒྱུ་མ་	སྒྱུ་མ་	NOUN
ལྟ་བུ་	ལྟ་བུ་	NOUN
དང་	དང་	NO_POS
།		PUNCT
དཔའ་བ་	དཔའ་བ་	VERB
ར་	ལ་	PART
འགྲོ་བ་	འགྲོ་བ་	VERB
དང་	དང་	NO_POS
།		PUNCT
རྡོ་རྗེ་	རྡོ་རྗེ་	NOUN
ལྟ་བུ་	ལྟ་བུ་	NOUN
འི་	གི་	PART
ཏིང་ངེ་འཛིན་	ཏིང་ངེ་འཛིན་	NOUN
སོགས་	སོགས་	DET
།		PUNCT
ཏིང་ངེ་འཛིན་	ཏིང་ངེ་འཛིན་	NOUN
དང་	དང་	NO_POS
གཟུངས་	གཟུངས་	NOUN
དང་	དང་	NO_POS
སྤོབས་པ་	སྤོབས་པ་	VERB
རྣམ་པ་	རྣམ་པ་	NOUN
ར་	ལ་	PART
ཐར་པ་	ཐར་པ་	VERB
འི་	གི་	PART
སྒོ་རྒྱ་	སྒོ་རྒྱ་	NO_POS
མཚོ་	མཚོ་	NOUN
ལྟ་བུ་	ལྟ་བུ་	NOUN
རྣམས་	རྣམས་	DET
ནི་	ནི་	NO_POS
ཞི་ལྷག་	ཞི་ལྷག་	NO_POS
ཟུང་	ཟུང་	VERB
དུ་	ལ་	PART
འབྲེལ་བ་	འབྲེལ་བ་	VERB
འི་	གི་	PART
ཏིང་ངེ་འཛིན་	ཏིང་ངེ་འཛིན་	NOUN
གྱི་	གི་	PART
བྱེ་བྲག་	བྱེ་བྲག་	NOUN
ལ་	ལ་	ADP
ས་	གིས་	PART
གཞན་མ་	གཞན་མ་	PRON
ཡིན་པ་	ཡིན་པ་	AUX
ར་	ལ་	PART
ཤེས་པ་	ཤེས་པ་	VERB
ར་	ལ་	PART
བྱ་	བྱ་	VERB
འོ་	གོ་	PART
"།
།"		PUNCT
དེ་ལྟ་	དེ་ལྟ་	NO_POS
སྤྱི་		
ཤེས་པ་	ཤེས་པ་	VERB
ར་	ལ་	PART
བྱ་	བྱ་	VERB
ན་	ནས་	PART
ཇི་ལྟ་		
བསྒོམ་པ་	བསྒོམ་པ་	VERB
འི་	གི་	PART
ལག་ཁྲིད་	ལག་ཁྲིད་	NO_POS
དངོ་	དངོ་	NOUN
ནི་	ནི་	NO_POS
།		PUNCT
དབེན་པ་	དབེན་པ་	VERB
འི་	གི་	PART
གནས་	གནས་	NOUN
སུ་	ལ་	PART
འདུ་འཛི་	འདུ་འཛི་	NOUN
དང་	དང་	NO_POS
འབྲེལ་འདྲིས་	འབྲེལ་འདྲིས་	NO_POS
ཐམས་ཅད་	ཐམས་ཅད་	DET
སྤངས་	སྤངས་	VERB
ཏེ་	སྟེ་	PART
།		PUNCT
ངེས་འབྱུང་	ངེས་འབྱུང་	NOUN
གི་	གི་	PART
བློ་	བློ་	NOUN
དང་	དང་	NO_POS
བྱང་ཆུབ་	བྱང་ཆུབ་	NOUN
ཀྱི་	གི་	PART
སེམས་	སེམས་	NOUN
གསལ་བཏབ་	གསལ་བཏབ་	NO_POS
སྟེ་	སྟེ་	PART
།		PUNCT
མདུན་	མདུན་	NOUN
གྱི་	གི་	PART
ནམ་མཁ་	ནམ་མཁའ་	NOUN
ར་	ལ་	PART
ཕྱོགས་	ཕྱོགས་	NOUN
བཅུ་	བཅུ་	NUM
འི་	གི་	PART
རྒྱལ་བ་	རྒྱལ་བ་	NOUN
སྲ་	སྲ་	NOUN
དང་	དང་	NO_POS
བཅས་པ་	བཅས་པ་	VERB
བློ་	བློ་	NOUN
ས་	གིས་	PART
མངོན་སུམ་	མངོན་སུམ་	NOUN
དུ་	ལ་	PART
བྱ་	བྱ་	VERB
ཏེ་	སྟེ་	PART
ཡན་ལག་	ཡན་ལག་	NOUN
བདུན་པ་	བདུན་པ་	NUM
འི་	གི་	PART
བསགས་	བསགས་	VERB
སྦྱངས་	སྦྱངས་	VERB
སྔོན་	སྔོན་	ADV
དུ་	ལ་	PART
འགྲོ་བ་	འགྲོ་བ་	VERB
ས་	གིས་	PART
ཏིང་ངེ་འཛིན་	ཏིང་ངེ་འཛིན་	NOUN
རྣམ་པ་	རྣམ་པ་	NOUN
ར་	ལ་	PART
དག་པ་	དག་པ་	VERB
རྒྱུད་	རྒྱུད་	NOUN
ལ་	ལ་	PART
སྐྱེ་བ་	སྐྱེ་བ་	VERB
འི་	གི་	PART
གསོལ་བ་	གསོལ་བ་	VERB
རྩེ་གཅིག་	རྩེ་གཅིག་	ADJ
ཏུ་	ལ་	PART
གདབ་	གདབ་	NO_POS
།		PUNCT
དེ་ནས་	དེ་ནས་	NO_POS
སྟན་	སྟན་	NOUN
བདེ་བ་	བདེ་བ་	VERB
ར་	ལ་	PART
རྡོ་རྗེ་	རྡོ་རྗེ་	NOUN
འི་	གི་	PART
དཀྱིལ་	དཀྱིལ་	NOUN
ཀྲུང་	ཀྲུང་	NO_POS
དང་	དང་	NO_POS
ཕྱེད་སྐྱིལ་	ཕྱེད་སྐྱིལ་	NO_POS
སོགས་	སོགས་	DET
གང་	གང་	NO_POS
བདེ་	བདེ་	VERB
འི་	གི་	PART
ཚུལ་	ཚུལ་	NOUN
གྱིས་	གིས་	PART
ལུས་	ལུས་	NOUN
དྲང་པོ་	དྲང་པོ་	ADJ
ར་	ལ་	PART
བསྲངས་	བསྲངས་	NO_POS
།		PUNCT
ལག་	ལག་	NOUN
མཉམ་བཞག་	མཉམ་བཞག་	NOUN
ཏུ་	ལ་	PART
བྱ་	བྱ་	VERB
།		PUNCT
མིག་	མིག་	NOUN
གི་	གི་	PART
ལྟ་སྟངས་	ལྟ་སྟངས་	NOUN
རན་པ་	རན་པ་	VERB
སོགས་	སོགས་	DET
ལུས་གནད་	ལུས་གནད་	NO_POS
ལེགས་པ་	ལེགས་པ་	VERB
ར་	ལ་	PART
བཅོ་	བཅོ་	NUM
ས་	གིས་	PART
།		PUNCT
དེ་ནས་	དེ་ནས་	NO_POS
རང་རྒྱུད་	རང་རྒྱུད་	NOUN
ལ་	ལ་	PART
ཞིབ་པ་	ཞིབ་པ་	NOUN
ར་	ལ་	PART
བརྟགས་	བརྟགས་	VERB
ཏེ་	སྟེ་	PART
།		PUNCT
འདོད་པ་	འདོད་པ་	VERB
དང་	དང་	NO_POS
།		PUNCT
ཞེ་སྡང་	ཞེ་སྡང་	NOUN
དང་	དང་	NO_POS
།		PUNCT
གནོད་སེམས་	གནོད་སེམས་	NOUN
དང་	དང་	NO_POS
།		PUNCT
ང་རྒྱལ་	ང་རྒྱལ་	NOUN
དང་	དང་	NO_POS
།		PUNCT
རྨོངས་པ་	རྨོངས་པ་	VERB
དང་	དང་	NO_POS
།		PUNCT
དེ་ལས་	དེ་ལས་	NO_POS
གཞན་པ་	གཞན་པ་	DET
འི་	གི་	PART
རྟོག་པ་	རྟོག་པ་	VERB
སོགས་	སོགས་	DET
གང་	གང་	NO_POS
ཤ་	ཤ་	DET
ཆེ་བ་	ཆེ་བ་	VERB
ས་	གིས་	PART
རང་	རང་	PRON
གི་	གི་	PART
སེམས་	སེམས་	NOUN
གནས་	གནས་	NOUN
སུ་	ལ་	PART
མི་	མི་	PART
སྟེར་བ་	སྟེར་བ་	VERB
དེ་	སྟེ་	PART
ངོས་བཟུང་	ངོས་བཟུང་	NOUN
ན་	ནས་	PART
དེ་	དེ་	DET
འི་	གི་	PART
གཉེན་པོ་	གཉེན་པོ་	NOUN
རིམ་པ་	རིམ་པ་	NOUN
བཞིན་	བཞིན་	NOUN
།		PUNCT
མི་	མི་	PART
སྡུག་པ་	སྡུག་པ་	VERB
དང་	དང་	NO_POS
།		PUNCT
བྱམས་པ་	བྱམས་པ་	PROPN
དང་	དང་	NO_POS
།		PUNCT
སྙིང་རྗེ་	སྙིང་རྗེ་	NOUN
དང་	དང་	NO_POS
།		PUNCT
ཁམས་	ཁམས་	NOUN
ཀྱི་	གི་	PART
རབ་ཏུ་	རབ་ཏུ་	NO_POS
དབྱེ་བ་	དབྱེ་བ་	VERB
དང་	དང་	NO_POS
།		PUNCT
རྟེན་	རྟེན་	NOUN
ཅིང་	ཅིང་	PART
འབྲེལ་བ་	འབྲེལ་བ་	VERB
ར་	ལ་	PART
འབྱུང་བ་	འབྱུང་བ་	VERB
འི་	གི་	PART
ཚུལ་	ཚུལ་	NOUN
དང་	དང་	NO_POS
།		PUNCT
རླུང་འབྱུང་	རླུང་འབྱུང་	NO_POS
འཇུག་	འཇུག་	VERB
སོགས་	སོགས་	DET
བསྒོམ་པ་	བསྒོམ་པ་	VERB
འི་	གི་	PART
ཚུལ་	ཚུལ་	NOUN
གྱིས་	གིས་	PART
སེམས་ལས་	སེམས་ལས་	NOUN
སུ་	ལ་	PART
རུང་བ་	རུང་བ་	VERB
ར་	ལ་	PART
བྱ་	བྱ་	VERB
ཏེ་	སྟེ་	PART
དམིགས་པ་	དམིགས་པ་	VERB
ལ་	ལ་	PART
འཇུག་	འཇུག་	VERB
ཏུ་	ལ་	PART
གཏུབ་པ་	གཏུབ་པ་	VERB
ན་	ལ་	PART
དེ་ནས་	དེ་ནས་	NO_POS
ཞི་གནས་	ཞི་གནས་	NOUN
དངོ་	དངོ་	NOUN
བསྒོམ་པ་	བསྒོམ་པ་	VERB
ལ་	ལ་	PART
འཇུག་པ་	འཇུག་པ་	VERB
ཡིན་	ཡིན་	NO_POS
ནོ་	གོ་	PART
"།
།"		PUNCT
དེ་ཡང་	དེ་ཡང་	ADV
གཞུང་	གཞུང་	NOUN
དང་	དང་	NO_POS
མན་ངག་	མན་ངག་	NOUN
གི་	གི་	PART
ལུགས་	ལུགས་	NOUN
ཀྱིས་	གིས་	PART
བསྒོམ་པ་	བསྒོམ་པ་	VERB
འི་	གི་	PART
ཐབས་ཚུལ་	ཐབས་ཚུལ་	NO_POS
བསམ་	བསམ་	NOUN
གྱིས་	གིས་	PART
མི་	མི་	PART
ཁྱབ་པ་	ཁྱབ་པ་	VERB
ཡོད་	ཡོད་	VERB
ཀྱང་	ཀྱང་	PART
།		PUNCT
འདི་	འདི་	DET
ར་	ལ་	PART
རེ་ཞིག་	རེ་ཞིག་	NO_POS
གཞུང་	གཞུང་	NOUN
གི་	གི་	PART
རྗེས་སུ་	རྗེས་སུ་	OTHER
འབྲང་	འབྲང་	VERB
ན་	ནས་	PART
ཐོག་མ་	ཐོག་མ་	NOUN
ར་	ལ་	PART
སེམས་	སེམས་	NOUN
གནས་པ་	གནས་པ་	VERB
འི་	གི་	PART
ཐབས་	ཐབས་	NOUN
དགུ་	དགུ་	NUM
ས་	གིས་	PART
འདོད་སེམས་	འདོད་སེམས་	NO_POS
རྩེ་གཅིག་པ་	རྩེ་གཅིག་པ་	ADJ
བསྒྲུབས་པ་	བསྒྲུབས་པ་	VERB
འི་	གི་	PART
ཚུལ་	ཚུལ་	NOUN
སྨོས་	སྨོས་	VERB
ཏེ་	སྟེ་	PART
།		PUNCT
དེ་ཡང་	དེ་ཡང་	ADV
མདོ་སྡེ་	མདོ་སྡེ་	NOUN
རྒྱན་	རྒྱན་	NOUN
ལ་	ལ་	ADP
ས་	གིས་	PART
།		PUNCT
དམིགས་པ་	དམིགས་པ་	VERB
ལ་	ལ་	PART
ནི་	ནི་	NO_POS
སེམས་	སེམས་	NOUN
གཏད་	གཏད་	VERB
ན་	ནས་	PART
"།
།"		PUNCT
དེ་	སྟེ་	PART
རྒྱུན་	རྒྱུན་	NOUN
རྣམ་པ་	རྣམ་པ་	NOUN
ར་	ལ་	PART
གཡེང་	གཡེང་	VERB
མི་	མི་	PART
བྱ་	བྱ་	VERB
། །		PUNCT
རྣམ་གཡེང་	རྣམ་གཡེང་	NOUN
མྱུར་	མྱུར་	VERB
དུ་	ལ་	PART
རྟོགས་	རྟོགས་	VERB
བྱ་	བྱ་	VERB
ན་	ནས་	PART
། །		PUNCT
དེ་	སྟེ་	PART
ལ་	ལ་	PART
སླར་ཡང་	སླར་ཡང་	OTHER
བརླན་པ་	བརླན་པ་	NO_POS
ར་	ལ་	PART
བྱ་	བྱ་	VERB
"།
།"		PUNCT
བློ་ལྡན་	བློ་ལྡན་	NOUN
གོང་	གོང་	NOUN
ན་	ནས་	PART
གོང་	གོང་	NOUN
དུ་	ལ་	PART
ཡང་	ཀྱང་	PART
། །		PUNCT
སེམས་	སེམས་	NOUN
ནི་	ནི་	NO_POS
ནང་	ནང་	NOUN
དུ་	ལ་	PART
བསྡུ་བ་	བསྡུ་བ་	VERB
ར་	ལ་	PART
བྱ་	བྱ་	VERB
། །		PUNCT
དེ་ནས་	དེ་ནས་	NO_POS
ཡོན་ཏན་	ཡོན་ཏན་	NOUN
མཐོང་བ་	མཐོང་བ་	VERB
འི་	གི་	PART
ཕྱི་	ཕྱི་	OTHER
། །		PUNCT
ཏིང་ངེ་འཛིན་	ཏིང་ངེ་འཛིན་	NOUN
ལ་	ལ་	PART
སེམས་	སེམས་	NOUN
འདུལ་	འདུལ་	NO_POS
ལོ་	གོ་	PART
"།
།"		PUNCT
རྣམ་གཡེང་	རྣམ་གཡེང་	NOUN
ཉེས་པ་	ཉེས་པ་	VERB
མཐོང་	མཐོང་	VERB
ན་	ནས་	PART
ནི་	ནི་	NO_POS
། །		PUNCT
དེ་	སྟེ་	PART
ལ་	ལ་	PART
མི་	མི་	PART
དགའ་	དགའ་	VERB
ཞི་བ་	ཞི་བ་	VERB
ར་	ལ་	PART
བྱུང་	བྱུང་	VERB
། །		PUNCT
བརྣབ་སེམས་	བརྣབ་སེམས་	NOUN
ཡིད་	ཡིད་	NOUN
མི་	མི་	PART
བདེ་	བདེ་	VERB
ལ་སོགས་	ལ་སོགས་	NO_POS
"།
།"		PUNCT
ཡངས་པ་	ཡངས་པ་	ADJ
དེ་བཞིན་	དེ་བཞིན་	OTHER
ཞི་བ་	ཞི་བ་	VERB
ར་	ལ་	PART
བྱ་	བྱ་	VERB
། །		PUNCT
དེ་ནས་	དེ་ནས་	NO_POS
སྡོམ་བརྩོན་	སྡོམ་བརྩོན་	NOUN
ཅན་	ཅན་	PART
གྱིས་	གིས་	PART
ནི་	ནི་	NO_POS
། །		PUNCT
སེམས་	སེམས་	NOUN
ལ་	ལ་	PART
མངོན་པ་	མངོན་པ་	OTHER
འདུ་བྱེད་	འདུ་བྱེད་	NOUN
བཅའ་	བཅའ་	VERB
"།
།"		PUNCT
རང་	རང་	PRON
གི་	གི་	PART
ངང་	ངང་	NOUN
གིས་	གིས་	PART
འབྱུང་བ་	འབྱུང་བ་	VERB
འཐོབ་	འཐོབ་	VERB
། །		PUNCT
དེ་	སྟེ་	PART
གོམས་པ་	གོམས་པ་	VERB
ལ་	ལ་	ADP
ས་	གིས་	PART
འདུ་	འདུ་	VERB
མི་	མི་	PART
བྱེད་	བྱེད་	VERB
། །		PUNCT
ཅེས་	ཅེས་	PART
གསུངས་པ་	གསུངས་པ་	VERB
ལྟ་	ལྟ་	OTHER
རོ་	རོ་	NOUN
"།
།"		PUNCT
དམིགས་པ་	དམིགས་པ་	VERB
གང་ཡང་	གང་ཡང་	NO_POS
རུང་བ་	རུང་བ་	VERB
ཞིག་	ཅིག་	PART
ལ་	ལ་	PART
སེམས་	སེམས་	NOUN
རྩེ་གཅིག་	རྩེ་གཅིག་	ADJ
ཏུ་	ལ་	PART
གཏད་	གཏད་	VERB
དེ་	སྟེ་	PART
།		PUNCT
དེ་	སྟེ་	PART
ཡི་	གི་	PART
རྣམ་པ་	རྣམ་པ་	NOUN
ཡིད་ངོ་	ཡིད་ངོ་	NO_POS
ར་	ལ་	PART
ས་ལེ་	ས་ལེ་	ADV
ར་	ལ་	PART
འཆར་བ་	འཆར་བ་	VERB
ལ་	ལ་	PART
སེམས་	སེམས་	NOUN
རྩེ་གཅིག་	རྩེ་གཅིག་	ADJ
ཏུ་	ལ་	PART
འཇོག་པ་	འཇོག་པ་	VERB
དང་	དང་	NO_POS
།		PUNCT
དེ་ལས་	དེ་ལས་	NO_POS
གཞན་	གཞན་	DET
དུ་	ལ་	PART
མི་	མི་	PART
གཡེང་བ་	གཡེང་བ་	VERB
ར་	ལ་	PART
བསྟན་པ་	བསྟན་པ་	VERB
ས་	གིས་	PART
རྒྱུན་	རྒྱུན་	NOUN
བསྐྱངས་	བསྐྱངས་	NO_POS
ཏེ་	སྟེ་	PART
བཞག་པ་	བཞག་པ་	VERB
དང་	དང་	NO_POS
།		PUNCT
རྣམ་གཡེང་	རྣམ་གཡེང་	NOUN
ཕྲ་རགས་	ཕྲ་རགས་	NOUN
ཅི་	ཅི་	NO_POS
བྱུང་	བྱུང་	VERB
ཡང་	ཀྱང་	PART
དེ་	སྟེ་	PART
མ་	མ་	PART
ཐག་	ཐག་	VERB
ཤེས་བཞིན་	ཤེས་བཞིན་	NO_POS
གྱི་	གི་	PART
བྱ་ར་	བྱ་ར་	NOUN
བ་	བ་	ADP
ཟིན་པ་	ཟིན་པ་	VERB
ར་	ལ་	PART
བྱ་	བྱ་	VERB
ཏེ་	སྟེ་	PART
དམིགས་པ་	དམིགས་པ་	VERB
འི་	གི་	PART
སྟེང་	སྟེང་	NOUN
དུ་	ལ་	PART
སླར་ཡང་	སླར་ཡང་	OTHER
བཞག་པ་	བཞག་པ་	VERB
དང་	དང་	NO_POS
།		PUNCT
སེམས་	སེམས་	NOUN
ཧ་ལམ་	ཧ་ལམ་	NO_POS
ཙམ་	ཙམ་	DET
གནས་པ་	གནས་པ་	VERB
ས་	གིས་	PART
ཆོག་པ་	ཆོག་པ་	VERB
ར་	ལ་	PART
མི་	མི་	PART
བྱེད་པ་	བྱེད་པ་	VERB
རྣམ་གཡེང་	རྣམ་གཡེང་	NOUN
ཕྲ་མོ་	ཕྲ་མོ་	ADJ
ཙམ་	ཙམ་	DET
ཡང་	ཀྱང་	PART
མི་	མི་	PART
འབྱུང་བ་	འབྱུང་བ་	VERB
ར་	ལ་	PART
བྱ་	བྱ་	VERB
ཏེ་	སྟེ་	PART
རྩེ་གཅིག་པ་	རྩེ་གཅིག་པ་	ADJ
ལ་	ལ་	PART
བསྡུ་	བསྡུ་	VERB
ཏེ་	སྟེ་	PART
བཞག་པ་	བཞག་པ་	VERB
དང་	དང་	NO_POS
།		PUNCT
གལ་ཏེ་	གལ་ཏེ་	NO_POS
ཏིང་ངེ་འཛིན་	ཏིང་ངེ་འཛིན་	NOUN
སྒོམ་	སྒོམ་	VERB
མི་མོ་	མི་མོ་	NO_POS
ས་པ་	ས་པ་	PART
ར་	ལ་	PART
སྐྱོ་བ་	སྐྱོ་བ་	VERB
འི་	གི་	PART
སེམས་བྱུང་	སེམས་བྱུང་	NOUN
ན་	ལ་	PART
།		PUNCT
རྒྱལ་བ་	རྒྱལ་བ་	NOUN
སྲ་	སྲ་	NOUN
དང་	དང་	NO_POS
བཅས་པ་	བཅས་པ་	VERB
འི་	གི་	PART
ཡོན་ཏན་	ཡོན་ཏན་	NOUN
སྤྱི་	སྤྱི་	DET
དང་	དང་	NO_POS
བྱེ་བྲག་	བྱེ་བྲག་	NOUN
མངོན་ཤེས་	མངོན་ཤེས་	NOUN
དང་	དང་	NO_POS
རྫུ་འཕྲུལ་	རྫུ་འཕྲུལ་	NOUN
སོགས་	སོགས་	DET
ལམ་	གམ་	PART
རྟགས་	རྟགས་	NOUN
ཀྱི་	གི་	PART
ཡོན་ཏན་	ཡོན་ཏན་	NOUN
ཕལ་ཆེ་		
ཏིང་ངེ་འཛིན་	ཏིང་ངེ་འཛིན་	NOUN
གྱི་	གི་	PART
མཐུ་		
ཤེས་པ་	ཤེས་པ་	VERB
ས་	གིས་	PART
སྤྲོ་བ་	སྤྲོ་བ་	VERB
བསྐྱེད་	བསྐྱེད་	VERB
།		PUNCT
སེམས་	སེམས་	NOUN
གནས་པ་	གནས་པ་	VERB
འི་	གི་	PART
མི་	མི་	PART
མཐུན་	མཐུན་	VERB
ཕྱོགས་	ཕྱོགས་	NOUN
འདུ་འཛི་	འདུ་འཛི་	NOUN
སོགས་	སོགས་	DET
ལ་	ལ་	PART
དགའ་བ་	དགའ་བ་	VERB
ར་	ལ་	PART
ཕྱོགས་	ཕྱོགས་	NOUN
ཚེ་	ཚེ་	NOUN
།		PUNCT
འཁོར་བ་	འཁོར་བ་	NOUN
འི་	གི་	PART
སྡུག་བསྔལ་	སྡུག་བསྔལ་	NOUN
སྤྱི་	སྤྱི་	DET
དང་	དང་	NO_POS
བྱེ་བྲག་	བྱེ་བྲག་	NOUN
ལམ་	གམ་	PART
ལ་	ལ་	ADP
ས་	གིས་	PART
ཉམས་	ཉམས་	NOUN
ཤིང་	ཅིང་	PART
ཐ་མལ་	ཐ་མལ་	ADJ
དུ་	ལ་	PART
ལུས་པ་	ལུས་པ་	VERB
འི་	གི་	PART
སྐྱོན་	སྐྱོན་	NOUN
ཐམས་ཅད་	ཐམས་ཅད་	DET
རྣམ་གཡེང་	རྣམ་གཡེང་	NOUN
དང་	དང་	NO_POS
འདུ་འཛི་	འདུ་འཛི་	NOUN
འི་	གི་	PART
སྐྱོན་	སྐྱོན་	NOUN
དུ་	ལ་	PART
ཤེ་	ཤེ་	VERB
ན་	ནས་	PART
སྤྲོ་བ་	སྤྲོ་བ་	VERB
འི་	གི་	PART
སེམས་	སེམས་	NOUN
ཞི་བ་	ཞི་བ་	VERB
ར་	ལ་	PART
བྱ་	བྱ་	VERB
།		PUNCT
ཏིང་ངེ་འཛིན་	ཏིང་ངེ་འཛིན་	NOUN
གྱི་	གི་	PART
སྒྲིབ་པ་	སྒྲིབ་པ་	VERB
བརྣབ་སེམས་	བརྣབ་སེམས་	NOUN
དང་	དང་	NO_POS
ཡིད་	ཡིད་	NOUN
མི་	མི་	PART
བདེ་བ་	བདེ་བ་	VERB
དང་	དང་	NO_POS
།		PUNCT
རྒོད་	རྒོད་	NOUN
དང་	དང་	NO_POS
།		PUNCT
འགྱོད་པ་	འགྱོད་པ་	VERB
དང་	དང་	NO_POS
།		PUNCT
གཉིད་རྨུགས་	གཉིད་རྨུགས་	NOUN
དང་	དང་	NO_POS
།		PUNCT
གནོད་སེམས་	གནོད་སེམས་	NOUN
དང་	དང་	NO_POS
།		PUNCT
འདོད་པ་	འདོད་པ་	VERB
ལ་	ལ་	PART
འདུན་པ་	འདུན་པ་	PROPN
དང་	དང་	NO_POS
།		PUNCT
ཐེ་ཚོམ་	ཐེ་ཚོམ་	NOUN
ལ་སོགས་པ་	ལ་སོགས་པ་	NO_POS
འི་	གི་	PART
རྟོག་པ་	རྟོག་པ་	VERB
གང་	གང་	NO_POS
ལངས་	ལངས་	VERB
ན་	ནས་	PART
བྱུང་	བྱུང་	VERB
ཡང་	ཀྱང་	PART
།		PUNCT
དེ་	སྟེ་	PART
དང་	དང་	NO_POS
དེ་	དེ་	DET
འི་	གི་	PART
གཉེན་པོ་	གཉེན་པོ་	NOUN
བསྟེན་པ་	བསྟེན་པ་	VERB
འི་	གི་	PART
སྒོ་	སྒོ་	NOUN
ན་	ནས་	PART
ཞི་བ་	ཞི་བ་	VERB
ར་	ལ་	PART
བྱ་	བྱ་	VERB
།		PUNCT
ཚུལ་	ཚུལ་	NOUN
དེ་ལྟ་	དེ་ལྟ་	NO_POS
བུ་	བུ་	NOUN
འི་	གི་	PART
སྒོ་	སྒོ་	NOUN
ན་	ནས་	PART
རྒྱུན་བསྲིངས་	རྒྱུན་བསྲིངས་	NO_POS
ཏེ་	སྟེ་	PART
སྒོམ་པ་	སྒོམ་པ་	VERB
ས་	གིས་	PART
ཇི་སྲིད་	ཇི་སྲིད་	PRON
བྱིང་རྒོད་	བྱིང་རྒོད་	NO_POS
སྐྱེ་བ་	སྐྱེ་བ་	VERB
འི་	གི་	PART
དོགས་པ་	དོགས་པ་	VERB
དང་	དང་	NO_POS
བཅའ་	བཅའ་	VERB
ཏེ་	སྟེ་	PART
གཉེན་པོ་	གཉེན་པོ་	NOUN
འི་	གི་	PART
སེམས་	སེམས་	NOUN
ལ་	ལ་	PART
འབད་རྩོལ་	འབད་རྩོལ་	NO_POS
བརྟེན་	བརྟེན་	VERB
དགོས་པ་	དགོས་པ་	VERB
འི་	གི་	PART
རིགས་	རིགས་	NOUN
ལ་	ལ་	PART
ནི་	ནི་	NO_POS
སེམས་	སེམས་	NOUN
གནས་	གནས་	NOUN
བརྒྱད་པ་	བརྒྱད་པ་	NUM
ཞེ་	ཅེས་	PART
བྱ་	བྱ་	VERB
།		PUNCT
སྤང་	སྤང་	VERB
གཉེན་	གཉེན་	NOUN
ལ་	ལ་	PART
རེ་དོགས་	རེ་དོགས་	NOUN
ཀྱི་	གི་	PART
འདུ་བྱེད་	འདུ་བྱེད་	NOUN
མི་	མི་	PART
དགོས་པ་	དགོས་པ་	VERB
ར་	ལ་	PART
ཇི་ཙམ་	ཇི་ཙམ་	PRON
འདོད་པ་	འདོད་པ་	VERB
ར་	ལ་	PART
ལྷུན་	ལྷུན་	NOUN
གྱིས་	གིས་	PART
གྲུབ་པ་	གྲུབ་པ་	VERB
ར་	ལ་	PART
གནས་པ་	གནས་པ་	VERB
འི་	གི་	PART
ཚེ་	ཚེ་	NOUN
སེམས་	སེམས་	NOUN
གནས་	གནས་	NOUN
དགུ་པ་	དགུ་པ་	ADJ
འདོད་སེམས་	འདོད་སེམས་	NO_POS
རྩེ་གཅིག་	རྩེ་གཅིག་	ADJ
སྟེ་	སྟེ་	PART
།		PUNCT
ཞི་གནས་	ཞི་གནས་	NOUN
མཚན་ཉིད་པ་	མཚན་ཉིད་པ་	NOUN
ཡིན་	ཡིན་	NO_POS
ཀྱང་	ཀྱང་	PART
།		PUNCT
ད་དུང་	ད་དུང་	ADV
ལུས་སེམས་	ལུས་སེམས་	NOUN
ཤིན་	ཤིན་	ADV
སྦྱང་	སྦྱང་	VERB
བདེ་བ་	བདེ་བ་	VERB
མ་	མ་	PART
ཐོབ་	ཐོབ་	VERB
བ་	བ་	NOUN
དུ་	ལ་	PART
བསམ་གཏན་	བསམ་གཏན་	NOUN
གྱི་	གི་	PART
ཉེར་བསྡོགས་	ཉེར་བསྡོགས་	NO_POS
དངོ་	དངོ་	NOUN
ཐོབ་པ་	ཐོབ་པ་	VERB
མིན་	མིན་	AUX
ཅིང་	ཅིང་	PART
།		PUNCT
ཤིན་	ཤིན་	ADV
སྦྱང་	སྦྱང་	VERB
ཐོབ་པ་	ཐོབ་པ་	VERB
ན་	ནས་	PART
ཉེར་བསྡོགས་	ཉེར་བསྡོགས་	NO_POS
མི་	མི་	PART
ལྕོགས་	ལྕོགས་	NO_POS
མེད་	མེད་	VERB
ཅེས་བྱ་བ་	ཅེས་བྱ་བ་	NO_POS
ལྷག་མཐོང་	ལྷག་མཐོང་	NOUN
གི་	གི་	PART
ཡེ་ཤེས་	ཡེ་ཤེས་	NOUN
སྐྱེ་བ་	སྐྱེ་བ་	VERB
འི་	གི་	PART
རྟེན་	རྟེན་	NOUN
དུ་	ལ་	PART
འགྱུར་	འགྱུར་	VERB
།		PUNCT
དེ་ནས་	དེ་ནས་	NO_POS
བསམ་གཏན་	བསམ་གཏན་	NOUN
གྱི་	གི་	PART
དངོས་གཞི་	དངོས་གཞི་	NOUN
སྒྲུབ་པ་	སྒྲུབ་པ་	VERB
ལ་	ལ་	PART
ཡིད་བྱེད་	ཡིད་བྱེད་	NO_POS
བདུན་	བདུན་	NUM
ལ་	ལ་	ADP
ས་	གིས་	PART
།		PUNCT
དང་པོ་	དང་པོ་	ADJ
ནི་	ནི་	NO_POS
ཁམས་	ཁམས་	NOUN
གསུམ་	གསུམ་	NUM
གྱི་	གི་	PART
སྐྱོན་ཡོན་	སྐྱོན་ཡོན་	NO_POS
དང་	དང་	NO_POS
དེ་དག་	དེ་དག་	OTHER
གི་	གི་	PART
རྒྱུ་	རྒྱུ་	NOUN
སོ་སོ་བ་	སོ་སོ་བ་	PRON
ས་	ས་	ADP
ས་	གིས་	PART
བསྡུ་	བསྡུ་	VERB
ཀྱི་	གི་	PART
ཉོན་མོངས་	ཉོན་མོངས་	NOUN
དང་	དང་	NO_POS
།		PUNCT
བསམ་གཏན་	བསམ་གཏན་	NOUN
གྱི་	གི་	PART
ཁྱད་པར་	ཁྱད་པར་	NOUN
རྣམས་	རྣམས་	DET
ཤེས་པ་	ཤེས་པ་	VERB
ར་	ལ་	PART
བྱ་	བྱ་	VERB
ན་	ནས་	PART
།		PUNCT
དེ་	སྟེ་	PART
ལ་རྩེ་	ལ་རྩེ་	NOUN
གཅིག་	གཅིག་	NUM
ཏུ་	ལ་	PART
བསམ་པ་	བསམ་པ་	VERB
ནི་	ནི་	NO_POS
མཚན་ཉིད་	མཚན་ཉིད་	NOUN
སོ་སོ་	སོ་སོ་	PRON
ར་	ལ་	PART
རིག་པ་	རིག་པ་	VERB
འི་	གི་	PART
ཡིད་	ཡིད་	NOUN
ལ་	ལ་	PART
བྱེད་པ་	བྱེད་པ་	VERB
དང་	དང་	NO_POS
།		PUNCT
གཉིས་པ་	གཉིས་པ་	NUM
ནི་	ནི་	NO_POS
དེ་ལྟ་	དེ་ལྟ་	NO_POS
བསྒོམ་པ་	བསྒོམ་པ་	VERB
ས་	གིས་	PART
འོག་	འོག་	NOUN
ས་	ས་	ADP
འི་	གི་	PART
སྐྱོན་	སྐྱོན་	NOUN
ལ་	ལ་	PART
དོར་	དོར་	VERB
བྱ་	བྱ་	VERB
དང་	དང་	NO_POS
།		PUNCT
གོང་ས་	གོང་ས་	OTHER
འི་	གི་	PART
ཡོན་ཏན་	ཡོན་ཏན་	NOUN
ལ་	ལ་	PART
ཐོབ་པ་	ཐོབ་པ་	VERB
ར་	ལ་	PART
ཡིད་ཆེས་པ་	ཡིད་ཆེས་པ་	NOUN
ནི་	ནི་	NO_POS
།		PUNCT
མོས་པ་	མོས་པ་	VERB
ཡིད་	ཡིད་	NOUN
ལ་	ལ་	PART
བྱེད་པ་	བྱེད་པ་	VERB
དང་	དང་	NO_POS
།		PUNCT
དེ་ནས་	དེ་ནས་	NO_POS
འོག་	འོག་	NOUN
ས་	ས་	ADP
འི་	གི་	PART
ཉོན་མོངས་པ་	ཉོན་མོངས་པ་	NOUN
འི་	གི་	PART
གཉེན་པོ་	གཉེན་པོ་	NOUN
བསྟེན་པ་	བསྟེན་པ་	VERB
ས་	གིས་	PART
སྤང་བྱ་	སྤང་བྱ་	NOUN
འི་	གི་	PART
རྟོག་པ་	རྟོག་པ་	VERB
ས་	གིས་	PART
རགས་པ་	རགས་པ་	VERB
ཉེ་བ་		
སྤོང་བ་	སྤོང་བ་	VERB
ནི་	ནི་	NO_POS
རབ་ཏུ་	རབ་ཏུ་	NO_POS
དབེན་པ་	དབེན་པ་	VERB
འི་	གི་	PART
ཡིད་	ཡིད་	NOUN
ལ་	ལ་	PART
བྱེད་པ་	བྱེད་པ་	VERB
དང་	དང་	NO_POS
།		PUNCT
འོག་	འོག་	NOUN
ས་	ས་	ADP
འི་	གི་	PART
ཉོན་མོངས་	ཉོན་མོངས་	NOUN
རགས་པ་	རགས་པ་	VERB
དང་	དང་	NO_POS
བྲལ་བ་	བྲལ་བ་	VERB
ལ་	ལ་	ADP
ས་	གིས་	PART
ལུས་སེམས་	ལུས་སེམས་	NOUN
ལས་རུང་	ལས་རུང་	OTHER
གི་	གི་	PART
དགའ་བདེ་	དགའ་བདེ་	NOUN
ཐོབ་པ་	ཐོབ་པ་	VERB
ནི་	ནི་	NO_POS
དགའ་བ་	དགའ་བ་	VERB
སྡུད་པ་	སྡུད་པ་	VERB
འི་	གི་	PART
ཡིད་	ཡིད་	NOUN
ལ་	ལ་	PART
བྱེད་པ་	བྱེད་པ་	VERB
དང་	དང་	NO_POS
།		PUNCT
རང་ས་	རང་ས་	OTHER
འི་	གི་	PART
སེམས་	སེམས་	NOUN
ལ་	ལ་	PART
རྒྱུན་	རྒྱུན་	NOUN
དུ་	ལ་	PART
གནས་	གནས་	NOUN
ཤིང་	ཅིང་	PART
འོག་	འོག་	NOUN
ས་	ས་	ADP
འི་	གི་	PART
ཉོན་མོངས་	ཉོན་མོངས་	NOUN
མི་	མི་	PART
སྐྱེ་	སྐྱེ་	NOUN
སྙམ་	སྙམ་	VERB
བྱེད་པ་	བྱེད་པ་	VERB
ན་	ལ་	PART
ཡུལ་	ཡུལ་	NOUN
ལ་	ལ་	PART
ཆེད་	ཆེད་	NOUN
དུ་	ལ་	PART
སྤྲོ་	སྤྲོ་	NO_POS
ཞིང་	ཅིང་	PART
ཕྲ་ཞིབ་	ཕྲ་ཞིབ་	NO_POS
ལ་	ལ་	PART
དཔྱོད་	དཔྱོད་	VERB
ཅིང་	ཅིང་	PART
སྤོང་བ་	སྤོང་བ་	VERB
ནི་	ནི་	NO_POS
དཔྱོད་པ་	དཔྱོད་པ་	VERB
འི་	གི་	PART
ཡིད་	ཡིད་	NOUN
ལ་	ལ་	PART
བྱེད་པ་	བྱེད་པ་	VERB
དང་	དང་	NO_POS
།		PUNCT
དེ་ནས་	དེ་ནས་	NO_POS
འོག་	འོག་	NOUN
ས་	ས་	ADP
འི་	གི་	PART
ཉོན་མོངས་	ཉོན་མོངས་	NOUN
ཕྲ་བ་	ཕྲ་བ་	VERB
སྤོང་བ་	སྤོང་བ་	VERB
འི་	གི་	PART
གཉེན་པོ་	གཉེན་པོ་	NOUN
རྒྱུད་	རྒྱུད་	NOUN
ལ་	ལ་	PART
སྐྱེས་པ་	སྐྱེས་པ་	VERB
འི་	གི་	PART
བར་ཆད་	བར་ཆད་	NOUN
མེད་	མེད་	VERB
ལམ་	གམ་	PART
ནི་	ནི་	NO_POS
སྦྱོར་བ་	སྦྱོར་བ་	VERB
འི་	གི་	PART
མཐ་	མཐའ་	NOUN
འི་	གི་	PART
ཡིད་	ཡིད་	NOUN
ལ་	ལ་	PART
བྱེད་པ་	བྱེད་པ་	VERB
དང་	དང་	NO_POS
།		PUNCT
འོག་	འོག་	NOUN
ས་	ས་	ADP
འི་	གི་	PART
ཉོན་མོངས་	ཉོན་མོངས་	NOUN
རྩ་བ་	རྩ་བ་	NOUN
ན་	ནས་	PART
སྤངས་	སྤངས་	VERB
ཏེ་	སྟེ་	PART
གཉེན་པོ་	གཉེན་པོ་	NOUN
བསྟེན་	བསྟེན་	VERB
མི་	མི་	PART
དགོས་པ་	དགོས་པ་	VERB
འི་	གི་	PART
རྣམ་གྲོལ་	རྣམ་གྲོལ་	NOUN
གྱི་	གི་	PART
ལམ་	གམ་	PART
ནི་	ནི་	NO_POS
སྦྱོར་བ་	སྦྱོར་བ་	VERB
འི་	གི་	PART
མཐ་	མཐའ་	NOUN
འི་	གི་	PART
འབྲས་བུ་	འབྲས་བུ་	NOUN
འི་	གི་	PART
ཡིད་	ཡིད་	NOUN
ལ་	ལ་	PART
བྱེད་པ་	བྱེད་པ་	VERB
སྟེ་	སྟེ་	PART
བསམ་གཏན་	བསམ་གཏན་	NOUN
གྱི་	གི་	PART
དངོས་གཞི་	དངོས་གཞི་	NOUN
འི་	གི་	PART
སེམས་	སེམས་	NOUN
གྲུབ་པ་	གྲུབ་པ་	VERB
ཡིན་	ཡིན་	NO_POS
ནོ་	གོ་	PART
"།
།"		PUNCT
དེ་ལྟ་	དེ་ལྟ་	NO_POS
གྲུབ་པ་	གྲུབ་པ་	VERB
འི་	གི་	PART
བསམ་གཏན་	བསམ་གཏན་	NOUN
དང་པོ་	དང་པོ་	ADJ
ནི་	ནི་	NO_POS
ཡན་ལག་	ཡན་ལག་	NOUN
ལྔ་	ལྔ་	NUM
དང་	དང་	NO_POS
ལྡན་པ་	ལྡན་པ་	VERB
སྟེ་	སྟེ་	PART
།		PUNCT
རྟོག་པ་	རྟོག་པ་	VERB
དང་	དང་	NO_POS
།		PUNCT
དཔྱོད་པ་	དཔྱོད་པ་	VERB
དང་	དང་	NO_POS
།		PUNCT
དགའ་བ་	དགའ་བ་	VERB
དང་	དང་	NO_POS
།		PUNCT
བདེ་བ་	བདེ་བ་	VERB
དང་	དང་	NO_POS
།		PUNCT
ཏིང་ངེ་འཛིན་	ཏིང་ངེ་འཛིན་	NOUN
རྣམས་	རྣམས་	DET
སོ་	གོ་	PART
། །		PUNCT
བསམ་གཏན་	བསམ་གཏན་	NOUN
གཉིས་པ་	གཉིས་པ་	NUM
ནི་	ནི་	NO_POS
དེ་ལས་	དེ་ལས་	NO_POS
ཀྱང་	ཀྱང་	PART
ཞི་བ་	ཞི་བ་	VERB
ས་	གིས་	PART
ཡན་ལག་	ཡན་ལག་	NOUN
བཞི་པ་	བཞི་པ་	ADJ
སྟེ་	སྟེ་	PART
།		PUNCT
རྟོག་དཔྱོད་	རྟོག་དཔྱོད་	NO_POS
སྤངས་པ་	སྤངས་པ་	VERB
འི་	གི་	PART
རབ་	རབ་	ADV
དང་	དང་	NO_POS
།		PUNCT
དགའ་བ་	དགའ་བ་	VERB
།		PUNCT
བདེ་བ་	བདེ་བ་	VERB
།		PUNCT
ཏིང་ངེ་འཛིན་	ཏིང་ངེ་འཛིན་	NOUN
ནོ་	གོ་	PART
། །		PUNCT
བསམ་གཏན་	བསམ་གཏན་	NOUN
གསུམ་པ་	གསུམ་པ་	NUM
ན་	ལ་	PART
།		PUNCT
དེ་ལས་	དེ་ལས་	NO_POS
ཀྱང་	ཀྱང་	PART
ཞི་བ་	ཞི་བ་	VERB
ས་	གིས་	PART
ཡན་ལག་	ཡན་ལག་	NOUN
ལྔ་	ལྔ་	NUM
དང་	དང་	NO_POS
ལྡན་	ལྡན་	VERB
ཏེ་	སྟེ་	PART
།		PUNCT
དགའ་བ་	དགའ་བ་	VERB
འི་	གི་	PART
རྟོག་པ་	རྟོག་པ་	VERB
སྤངས་པ་	སྤངས་པ་	VERB
འི་	གི་	PART
བཏང་སྙོམས་	བཏང་སྙོམས་	NOUN
དང་	དང་	NO_POS
།		PUNCT
དྲན་པ་	དྲན་པ་	VERB
།		PUNCT
ཤེས་བཞིན་	ཤེས་བཞིན་	NO_POS
།		PUNCT
བདེ་བ་	བདེ་བ་	VERB
།		PUNCT
ཏིང་ངེ་འཛིན་	ཏིང་ངེ་འཛིན་	NOUN
རྣམས་	རྣམས་	DET
སོ་	གོ་	PART
"།
།"		PUNCT
བསམ་གཏན་	བསམ་གཏན་	NOUN
བཞི་པ་	བཞི་པ་	ADJ
ནི་	ནི་	NO_POS
དེ་ལས་	དེ་ལས་	NO_POS
ཀྱང་	ཀྱང་	PART
ཞི་བ་	ཞི་བ་	VERB
ས་	གིས་	PART
རབ་	རབ་	ADV
མཐ་	མཐའ་	NOUN
འི་	གི་	PART
བསམ་གཏན་	བསམ་གཏན་	NOUN
ཅེས་བྱ་བ་	ཅེས་བྱ་བ་	NO_POS
ཡན་ལག་	ཡན་ལག་	NOUN
བཞི་པ་	བཞི་པ་	ADJ
སྟེ་	སྟེ་	PART
།		PUNCT
བདེ་བ་	བདེ་བ་	VERB
སྤངས་པ་	སྤངས་པ་	VERB
འི་	གི་	PART
ཚོར་བ་	ཚོར་བ་	VERB
བཏང་སྙོམས་	བཏང་སྙོམས་	NOUN
དང་	དང་	NO_POS
།		PUNCT
དྲན་པ་	དྲན་པ་	VERB
།		PUNCT
འདུ་བྱེད་	འདུ་བྱེད་	NOUN
བཏང་སྙོམས་	བཏང་སྙོམས་	NOUN
དང་	དང་	NO_POS
།		PUNCT
ཏིང་ངེ་འཛིན་	ཏིང་ངེ་འཛིན་	NOUN
རྣམས་	རྣམས་	DET
སོ་	གོ་	PART
། །		PUNCT
དེ་ལྟ་	དེ་ལྟ་	NO_POS
བསམ་གཏན་	བསམ་གཏན་	NOUN
བཞི་མདོ་	བཞི་མདོ་	NOUN
ཙམ་	ཙམ་	DET
བརྗོད་	བརྗོད་	VERB
ན་	ནས་	PART
།		PUNCT
དེ་དག་	དེ་དག་	OTHER
གི་	གི་	PART
རྣམ་པ་	རྣམ་པ་	NOUN
འི་	གི་	PART
རབ་	རབ་	ADV
དབྱེ་	དབྱེ་	VERB
དང་	དང་	NO_POS
།		PUNCT
གཟུགས་	གཟུགས་	NOUN
མེད་	མེད་	VERB
ཀྱི་	གི་	PART
སྙོམས་འཇུག་	སྙོམས་འཇུག་	NO_POS
སྒོམ་	སྒོམ་	VERB
ཚུལ་	ཚུལ་	NOUN
རྣམས་	རྣམས་	DET
ཡི་གེ་	ཡི་གེ་	NOUN
འི་	གི་	PART
འཇིགས་པ་	འཇིགས་པ་	VERB
དང་	དང་	NO_POS
དགོས་	དགོས་	VERB
གལ་	གལ་	ADV
ཆུང་བ་	ཆུང་བ་	VERB
ས་	གིས་	PART
མ་	མ་	PART
བྲིས་	བྲིས་	VERB
ཤིང་	ཅིང་	PART
ཤེས་པ་	ཤེས་པ་	VERB
ར་	ལ་	PART
འདོད་པ་	འདོད་པ་	VERB
རྣམས་	རྣམས་	DET
ཀྱིས་	གིས་	PART
མངོན་པ་	མངོན་པ་	VERB
དང་	དང་	NO_POS
ཕར་ཕྱིན་	ཕར་ཕྱིན་	NOUN
སོགས་	སོགས་	DET
ལ་	ལ་	ADP
ས་	གིས་	PART
ཤེས་པ་	ཤེས་པ་	VERB
ར་	ལ་	PART
བྱ་	བྱ་	VERB
འོ་	གོ་	PART
"།
།"		PUNCT
ཏིང་ངེ་འཛིན་	ཏིང་ངེ་འཛིན་	NOUN
གང་	གང་	NO_POS
སྒོམ་	སྒོམ་	VERB
ཀྱང་	ཀྱང་	PART
དེ་དག་	དེ་དག་	OTHER
གི་	གི་	PART
སྐབས་	སྐབས་	NOUN
སུ་	ལ་	PART
གལ་ཆེ་བ་	གལ་ཆེ་བ་	OTHER
ནི་	ནི་	NO_POS
།		PUNCT
བསམ་གཏན་	བསམ་གཏན་	NOUN
གྱི་	གི་	PART
ཉེས་པ་	ཉེས་པ་	VERB
ལེ་ལོ་	ལེ་ལོ་	NOUN
དང་	དང་	NO_POS
དམིགས་པ་	དམིགས་པ་	VERB
བརྗེད་པ་	བརྗེད་པ་	VERB
དང་	དང་	NO_POS
།		PUNCT
བྱིང་རྒོད་	བྱིང་རྒོད་	NO_POS
དང་	དང་	NO_POS
།		PUNCT
ཧ་ཅང་	ཧ་ཅང་	ADV
ལྷོད་	ལྷོད་	NO_POS
ཆེས་པ་	ཆེས་པ་	VERB
ས་	གིས་	PART
མངོན་པ་	མངོན་པ་	OTHER
འདུ་	འདུ་	VERB
མི་	མི་	PART
བྱེད་པ་	བྱེད་པ་	VERB
དང་	དང་	NO_POS
།		PUNCT
ཧ་ཅང་	ཧ་ཅང་	ADV
སྒྲིམ་	སྒྲིམ་	NO_POS
ཆེས་པ་	ཆེས་པ་	VERB
ས་	གིས་	PART
གནས་པ་	གནས་པ་	VERB
ཆོག་	ཆོག་	VERB
མི་	མི་	PART
ཤེས་པ་	ཤེས་པ་	VERB
ར་	ལ་	PART
ཡང་ཡང་	ཡང་ཡང་	NO_POS
འདུ་བྱེད་	འདུ་བྱེད་	NOUN
དེ་	སྟེ་	PART
ལྔ་པོ་	ལྔ་པོ་	NUM
འདི་	འདི་	DET
ཡིན་	ཡིན་	NO_POS
ལ་	ལ་	PART
།		PUNCT
དེ་དག་	དེ་དག་	OTHER
གི་	གི་	PART
གཉེན་པོ་	གཉེན་པོ་	NOUN
སྤོང་བ་	སྤོང་བ་	VERB
འི་	གི་	PART
འདུ་བྱེད་	འདུ་བྱེད་	NOUN
བརྒྱད་	བརྒྱད་	NUM
ཅེས་པ་	ཅེས་པ་	PART
།		PUNCT
ཏིང་ངེ་འཛིན་	ཏིང་ངེ་འཛིན་	NOUN
གྱི་	གི་	PART
ཡོན་ཏན་	ཡོན་ཏན་	NOUN
ལ་	ལ་	PART
ཡིད་ཆེས་	ཡིད་ཆེས་	NOUN
ཀྱི་	གི་	PART
དད་པ་	དད་པ་	VERB
དང་	དང་	NO_POS
།		PUNCT
དེ་ཉིད་	དེ་ཉིད་	NOUN
ཐོབ་	ཐོབ་	VERB
འདོད་	འདོད་	VERB
ཀྱི་	གི་	PART
འདུན་པ་	འདུན་པ་	PROPN
དང་	དང་	NO_POS
།		PUNCT
དེ་	སྟེ་	PART
གཉིས་	གཉིས་	NUM
ཀྱི་	གི་	PART
བསྐུལ་བ་	བསྐུལ་བ་	VERB
འི་	གི་	PART
རྟག་	རྟག་	VERB
གུ་	གུ་	VERB
ཀྱི་	གི་	PART
སྦྱོར་བ་	སྦྱོར་བ་	VERB
འི་	གི་	PART
བརྩོན་	བརྩོན་	VERB
གྲུ་		
དང་	དང་	NO_POS
།		PUNCT
དེ་	དེ་	DET
འི་	གི་	PART
འབྲས་བུ་	འབྲས་བུ་	NOUN
ཤིན་	ཤིན་	ADV
སྦྱང་	སྦྱང་	VERB
བདེ་བ་	བདེ་བ་	VERB
དང་	དང་	NO_POS
བཅའ་	བཅའ་	VERB
ཏེ་	སྟེ་	PART
བཞི་པོ་	བཞི་པོ་	NUM
དེ་	སྟེ་	PART
ནི་	ནི་	NO_POS
ལེ་ལོ་	ལེ་ལོ་	NOUN
འི་	གི་	PART
གཉེན་པོ་	གཉེན་པོ་	NOUN
།		PUNCT
དྲན་པ་	དྲན་པ་	VERB
ནི་	ནི་	NO_POS
བརྗེད་ངས་	བརྗེད་ངས་	OTHER
ཀྱི་	གི་	PART
གཉེན་པོ་	གཉེན་པོ་	NOUN
།		PUNCT
ཤེས་བཞིན་	ཤེས་བཞིན་	NO_POS
ནི་	ནི་	NO_POS
བྱིང་རྒོད་	བྱིང་རྒོད་	NO_POS
ཀྱི་	གི་	PART
གཉེན་པོ་	གཉེན་པོ་	NOUN
།		PUNCT
བྱིང་རྒོད་	བྱིང་རྒོད་	NO_POS
སྤོང་བ་	སྤོང་བ་	VERB
འི་	གི་	PART
ཐབས་	ཐབས་	NOUN
ཞི་ལྷག་	ཞི་ལྷག་	NO_POS
གི་	གི་	PART
རྒྱུ་མཚན་	རྒྱུ་མཚན་	NOUN
ཡིད་	ཡིད་	NOUN
ལ་	ལ་	PART
བྱེད་པ་	བྱེད་པ་	VERB
འི་	གི་	PART
མངོན་པ་	མངོན་པ་	OTHER
འདུ་བྱེད་པ་	འདུ་བྱེད་པ་	NOUN
ནི་	ནི་	NO_POS
འདུ་	འདུ་	VERB
མི་	མི་	PART
བྱེད་པ་	བྱེད་པ་	VERB
འི་	གི་	PART
གཉེན་པོ་	གཉེན་པོ་	NOUN
།		PUNCT
བཏང་སྙོམས་	བཏང་སྙོམས་	NOUN
ནི་	ནི་	NO_POS
འདུ་བྱེད་པ་	འདུ་བྱེད་པ་	NOUN
འི་	གི་	PART
གཉེན་པོ་	གཉེན་པོ་	NOUN
སྟེ་	སྟེ་	PART
།		PUNCT
འདི་དག་	འདི་དག་	NO_POS
ལ་	ལ་	PART
བརྟེན་	བརྟེན་	VERB
ན་	ནས་	PART
བསམ་གཏན་	བསམ་གཏན་	NOUN
གྱི་	གི་	PART
སེམས་	སེམས་	NOUN
བསྒྲུབ་པ་	བསྒྲུབ་པ་	VERB
ར་	ལ་	PART
བྱ་	བྱ་	VERB
འོ་	གོ་	PART
། །		PUNCT
དེ་ལྟ་	དེ་ལྟ་	NO_POS
བསམ་གཏན་	བསམ་གཏན་	NOUN
གྱི་	གི་	PART
སེམས་	སེམས་	NOUN
གྲུབ་པ་	གྲུབ་པ་	VERB
ར་	ལ་	PART
གྱུར་པ་	གྱུར་པ་	VERB
དེ་	དེ་	DET
ས་	གིས་	PART
།		PUNCT
བདེན་པ་	བདེན་པ་	VERB
མཐོང་བ་	མཐོང་བ་	VERB
འི་	གི་	PART
སྒོ་	སྒོ་	NOUN
བཞི་པོ་	བཞི་པོ་	NUM
།		PUNCT
ཕུང་པོ་	ཕུང་པོ་	NOUN
དང་	དང་	NO_POS
།		PUNCT
ཁམས་	ཁམས་	NOUN
དང་	དང་	NO_POS
།		PUNCT
སྐྱེ་མཆེད་	སྐྱེ་མཆེད་	NOUN
དང་	དང་	NO_POS
།		PUNCT
རྟེན་	རྟེན་	NOUN
ཅིང་	ཅིང་	PART
འབྲེལ་བ་	འབྲེལ་བ་	VERB
ར་	ལ་	PART
འབྱུང་བ་	འབྱུང་བ་	VERB
རྣམས་	རྣམས་	DET
ཀྱི་	གི་	PART
རང་བཞིན་	རང་བཞིན་	NOUN
ལ་	ལ་	PART
།		PUNCT
གཅིག་	གཅིག་	NUM
དུ་	ལ་	PART
བྲལ་	བྲལ་	VERB
སོགས་	སོགས་	DET
མཐར་ཐུག་	མཐར་ཐུག་	NOUN
དཔྱོད་པ་	དཔྱོད་པ་	VERB
འི་	གི་	PART
རིགས་	རིགས་	NOUN
ཤེ་	ཤེ་	VERB
ཚད་མ་	ཚད་མ་	NOUN
ས་	གིས་	PART
དཔྱད་	དཔྱད་	VERB
དེ་	སྟེ་	PART
གང་ཡང་	གང་ཡང་	NO_POS
མ་	མ་	PART
རྙེད་པ་	རྙེད་པ་	VERB
འི་	གི་	PART
དོན་	དོན་	NOUN
ལ་རྩེ་	ལ་རྩེ་	NOUN
གཅིག་	གཅིག་	NUM
ཏུ་	ལ་	PART
བཞག་པ་	བཞག་པ་	VERB
ཞི་ལྷག་	ཞི་ལྷག་	NO_POS
ཟུང་	ཟུང་	VERB
འབྲེལ་	འབྲེལ་	VERB
དུ་	ལ་	PART
འགྱུར་	འགྱུར་	VERB
ཞིང་	ཅིང་	PART
།		PUNCT
སྲིད་	སྲིད་	NOUN
རྩ་	རྩ་	NUM
དྲུང་	དྲུང་	NOUN
ན་	ནས་	PART
ཕྱུངས་		NON_WORD
ཏེ་	སྟེ་	PART
འཕགས་པ་	འཕགས་པ་	VERB
འི་	གི་	PART
ལམ་	གམ་	PART
ལ་	ལ་	PART
སྦྱོར་བ་	སྦྱོར་བ་	VERB
འི་	གི་	PART
ལམ་པོ་ཆེ་	ལམ་པོ་ཆེ་	NOUN
ཡིན་	ཡིན་	NO_POS
ནོ་	གོ་	PART
"།
།"		PUNCT
གཞན་	གཞན་	DET
ཡང་	ཀྱང་	PART
མན་ངག་	མན་ངག་	NOUN
ཟབ་མོ་	ཟབ་མོ་	ADJ
དང་	དང་	NO_POS
འབྲེལ་བ་	འབྲེལ་བ་	VERB
འི་	གི་	PART
ཞི་ལྷག་	ཞི་ལྷག་	NO_POS
རིམ་	རིམ་	NOUN
དང་	དང་	NO_POS
གཅིག་	གཅིག་	NUM
ཆ་	ཆ་	NOUN
ར་	ལ་	PART
ཐོད་རྒལ་	ཐོད་རྒལ་	OTHER
རྣམས་	རྣམས་	DET
སྒྲུབ་	སྒྲུབ་	VERB
ཚུལ་	ཚུལ་	NOUN
ཇི་	ཇི་	NO_POS
རིགས་	རིགས་	NOUN
སུ་	ལ་	PART
ཡོད་པ་	ཡོད་པ་	VERB
ནི་	ནི་	NO_POS
ཞལ་ལ་	ཞལ་ལ་	NO_POS
ས་	གིས་	PART
ཤེས་པ་	ཤེས་པ་	VERB
ར་	ལ་	PART
བྱ་བ་	བྱ་བ་	VERB
ཁོ་ན་	ཁོ་ན་	DET
འོ་	གོ་	PART
"།
།"		PUNCT
འདི་	འདི་	DET
ར་	ལ་	PART
སྨྲས་པ་	སྨྲས་པ་	VERB
།		PUNCT
རྣམ་གྲོལ་	རྣམ་གྲོལ་	NOUN
ཞི་བ་	ཞི་བ་	VERB
ར་	ལ་	PART
གཞོལ་བ་	གཞོལ་བ་	VERB
འི་	གི་	PART
ལམ་	གམ་	PART
གྱི་	གི་	PART
སྒོ་	སྒོ་	NOUN
། །		PUNCT
ཞི་ལྷག་	ཞི་ལྷག་	NO_POS
ཟུང་	ཟུང་	VERB
དུ་	ལ་	PART
འབྲེལ་བ་	འབྲེལ་བ་	VERB
འི་	གི་	PART
ཏིང་ངེ་འཛིན་	ཏིང་ངེ་འཛིན་	NOUN
། །		PUNCT
ཇི་ལྟ་		
སྒྲུབ་པ་	སྒྲུབ་པ་	VERB
འི་	གི་	PART
ཐབས་ཚུལ་	ཐབས་ཚུལ་	NO_POS
ཉུང་	ཉུང་	VERB
གསལ་	གསལ་	VERB
འདི་	འདི་	DET
"།
།"		PUNCT
སྒྲུབ་	སྒྲུབ་	VERB
བརྩོན་	བརྩོན་	VERB
རྣལ་འབྱོར་	རྣལ་འབྱོར་	NOUN
དབང་	དབང་	NOUN
མོ་	མོ་	PRON
འི་	གི་	PART
བཞེད་	བཞེད་	VERB
སྐོང་	སྐོང་	NO_POS
དུ་	ལ་	PART
། །		PUNCT
ཤཱཀྱའི་		NON_WORD
དགེ་སློང་	དགེ་སློང་	NOUN
པདྨ་	པདྨ་	NOUN
བཛྲ་པ་	བཛྲ་པ་	NO_POS
ས་	གིས་	PART
"།
།"		PUNCT
གྲུབ་	གྲུབ་	VERB
དགོན་	དགོན་	OTHER
དབེན་པ་	དབེན་པ་	VERB
འི་	གི་	PART
ཚལ་	ཚལ་	NOUN
ན་	ནས་	PART
བྲིས་	བྲིས་	VERB
ཏེ་	སྟེ་	PART
ཕུལ་	ཕུལ་	VERB
། །		PUNCT
དགེ་བ་	དགེ་བ་	VERB
ས་	གིས་	PART
ས་ལམ་	ས་ལམ་	OTHER
རྟོགས་པ་	རྟོགས་པ་	VERB
གོང་འཕེལ་	གོང་འཕེལ་	OTHER
ན་	ནས་	PART
། །		PUNCT
རང་གཞན་	རང་གཞན་	NOUN
དོན་	དོན་	NOUN
གཉིས་	གཉིས་	NUM
ལྷུན་	ལྷུན་	NOUN
གྱིས་	གིས་	PART
གྲུབ་	གྲུབ་	VERB
གྱུར་ཅིག་	གྱུར་ཅིག་	NO_POS
།		PUNCT
དགེ་	དགེ་	NOUN
འོ་	གོ་	PART
།། །།		PUNCT
